job_description,location,fraudulent
"Senior Data Scientist (5+ years) at TechAnalytics Bangalore. Requires: Python, TensorFlow, SQL. Formal hiring process with technical screening. Benefits include health insurance and stock options.",Bangalore,0
Front-End Developer at DesignHub Mumbai. 3+ years React experience required. On-site position with competitive salary. Must provide portfolio and references.,Mumbai,0
Marketing Manager at BrandGrowth Delhi. Requires MBA and 4+ years experience. Office-based role with performance bonuses. No upfront fees - all recruitment costs covered by company.,Delhi,0
Java Developer at FinServ Hyderabad. 4+ years Spring Boot experience required. Background check and educational verification mandatory. Comprehensive benefits package.,Hyderabad,0
DevOps Engineer at CloudSolutions Pune. AWS/GCP certification required. Full-time office position. Formal interview process with HR and technical rounds.,Pune,0
We are looking for a Sales Representative with experience in Excel. First payment bonus available immediately,Jonathanburgh,1
We are looking for a Graphic Designer with experience in Communication. No interview required - immediate hiring!,East Rebeccaton,1
We are looking for a Financial Analyst with experience in Excel. Send personal documents to get started,East Bradleyburgh,1
We are looking for a Product Manager with experience in Marketing. No background check required,Shepherdborough,1
We are looking for a Sales Representative with experience in Sales. No interview required - immediate hiring!,West Davidberg,1
We are looking for a Sales Representative with experience in Python. Earn $1000+ weekly from home!,Lake Jeremy,1
We are looking for a Product Manager with experience in Communication. No background check required,North Alexis,1
We are looking for a Marketing Manager with experience in Leadership. No background check required,Troystad,1
We are looking for a Product Manager with experience in Project Management. Guaranteed high income opportunity,West Jamieberg,1
We are looking for a Marketing Manager with experience in SQL. Transfer funds for international clients,North Brendafort,1
We are looking for a Financial Analyst with experience in Python. Guaranteed high income opportunity,New Williebury,1
We are looking for a HR Coordinator with experience in Leadership. Guaranteed high income opportunity,Cummingsberg,1
We are looking for a HR Coordinator with experience in Excel. Guaranteed high income opportunity,Johnhaven,1
We are looking for a HR Coordinator with experience in Data Visualization. Provide bank details to receive payments,Murphyville,1
We are looking for a HR Coordinator with experience in Sales. No interview required - immediate hiring!,Williamsfort,1
We are looking for a Financial Analyst with experience in Python. No background check required,North Josephview,1
We are looking for a Sales Representative with experience in Excel. Guaranteed high income opportunity,Lake Michelleborough,1
We are looking for a Data Analyst with experience in Python. No background check required,Port Joseph,1
We are looking for a Customer Support with experience in Customer Service. Transfer funds for international clients,East Sarahchester,1
We are looking for a Graphic Designer with experience in SQL. First payment bonus available immediately,New Geraldville,1
We are looking for a Data Analyst with experience in Customer Service. First payment bonus available immediately,New Austinport,1
We are looking for a Financial Analyst with experience in SQL. No experience needed - we train you!,East Ruben,1
We are looking for a Customer Support with experience in Project Management. No background check required,Port Jameshaven,1
We are looking for a Marketing Manager with experience in Project Management. Get rich quick with minimal effort,Lake Nancyhaven,1
We are looking for a Graphic Designer with experience in Leadership. Send personal documents to get started,Matthewmouth,1
We are looking for a Marketing Manager with experience in Data Visualization. Earn $1000+ weekly from home!,South Alex,1
We are looking for a Graphic Designer with experience in SQL. First payment bonus available immediately,West Samuelmouth,1
We are looking for a Financial Analyst with experience in Sales. No background check required,New Denise,1
We are looking for a HR Coordinator with experience in SQL. Earn $1000+ weekly from home!,Jessicahaven,1
We are looking for a Graphic Designer with experience in Excel. Send personal documents to get started,West Brianna,1
We are looking for a Financial Analyst with experience in Sales. No background check required,Davismouth,1
We are looking for a Sales Representative with experience in Leadership. No experience needed - we train you!,South Jennifer,1
We are looking for a Software Engineer with experience in SQL. Get rich quick with minimal effort,Lake Markmouth,1
We are looking for a Product Manager with experience in Communication. Send personal documents to get started,Franklinton,1
We are looking for a Customer Support with experience in Communication. Earn $1000+ weekly from home!,Loweryshire,1
We are looking for a Financial Analyst with experience in Sales. Get rich quick with minimal effort,Pooleberg,1
We are looking for a HR Coordinator with experience in Data Visualization. No background check required,Knappport,1
We are looking for a HR Coordinator with experience in SQL. Get rich quick with minimal effort,Kelseyside,1
We are looking for a Financial Analyst with experience in Python. Provide bank details to receive payments,South Charles,1
We are looking for a Marketing Manager with experience in Customer Service. Guaranteed high income opportunity,Patriciashire,1
We are looking for a Marketing Manager with experience in Sales. Guaranteed high income opportunity,New Mariafurt,1
We are looking for a Graphic Designer with experience in SQL. No interview required - immediate hiring!,Johnsonshire,1
We are looking for a Product Manager with experience in Communication. Provide bank details to receive payments,Sherimouth,1
We are looking for a Sales Representative with experience in Data Visualization. No experience needed - we train you!,Garzaview,1
We are looking for a Software Engineer with experience in Leadership. No interview required - immediate hiring!,Gregoryhaven,1
We are looking for a Financial Analyst with experience in Sales. Provide bank details to receive payments,Deanshire,1
We are looking for a Data Analyst with experience in Communication. Get rich quick with minimal effort,Cherylbury,1
We are looking for a Software Engineer with experience in Customer Service. Provide bank details to receive payments,Port Michelle,1
We are looking for a Marketing Manager with experience in Data Visualization. Guaranteed high income opportunity,Rogerstown,1
We are looking for a HR Coordinator with experience in Communication. Transfer funds for international clients,South Cassandra,1
We are looking for a Marketing Manager with experience in Excel. Send personal documents to get started,Port Norma,1
We are looking for a Data Analyst with experience in Project Management. Provide bank details to receive payments,Lake Leslie,1
We are looking for a Data Analyst with experience in Leadership. No interview required - immediate hiring!,East Jamiestad,1
We are looking for a Marketing Manager with experience in Marketing. No interview required - immediate hiring!,North Elizabethland,1
We are looking for a Financial Analyst with experience in Leadership. No background check required,Lake Mikehaven,1
We are looking for a Financial Analyst with experience in Sales. First payment bonus available immediately,Michaelland,1
We are looking for a Marketing Manager with experience in Excel. Send personal documents to get started,Smithview,1
We are looking for a HR Coordinator with experience in Project Management. No background check required,Torresberg,1
We are looking for a Software Engineer with experience in Python. No background check required,East Jeremyside,1
We are looking for a Product Manager with experience in Communication. No interview required - immediate hiring!,Port Timothymouth,1
We are looking for a HR Coordinator with experience in Python. No experience needed - we train you!,West Robert,1
We are looking for a HR Coordinator with experience in Sales. First payment bonus available immediately,New Annetteport,1
We are looking for a Sales Representative with experience in SQL. No experience needed - we train you!,Andrewchester,1
We are looking for a Data Analyst with experience in Marketing. Send personal documents to get started,West Brendaville,1
We are looking for a Software Engineer with experience in Sales. Get rich quick with minimal effort,Griffithland,1
We are looking for a Marketing Manager with experience in Customer Service. Provide bank details to receive payments,Staciebury,1
We are looking for a Product Manager with experience in Customer Service. Provide bank details to receive payments,Rogerberg,1
We are looking for a Sales Representative with experience in Communication. Provide bank details to receive payments,New Emily,1
We are looking for a HR Coordinator with experience in Leadership. Transfer funds for international clients,South Richard,1
We are looking for a HR Coordinator with experience in Marketing. No background check required,East Robertfort,1
We are looking for a Product Manager with experience in Communication. No interview required - immediate hiring!,North Ricardoport,1
We are looking for a Graphic Designer with experience in Sales. No background check required,Wilsonport,1
We are looking for a HR Coordinator with experience in Data Visualization. First payment bonus available immediately,West Collinmouth,1
We are looking for a Financial Analyst with experience in Leadership. No experience needed - we train you!,Port Marcia,1
We are looking for a Graphic Designer with experience in Leadership. Get rich quick with minimal effort,Port David,1
We are looking for a HR Coordinator with experience in Excel. First payment bonus available immediately,Myersport,1
We are looking for a Sales Representative with experience in Customer Service. Transfer funds for international clients,Rodriguezview,1
We are looking for a Data Analyst with experience in Sales. Send personal documents to get started,Port Ianfort,1
We are looking for a Product Manager with experience in Marketing. Get rich quick with minimal effort,North Jonathanhaven,1
We are looking for a Financial Analyst with experience in Sales. Get rich quick with minimal effort,North Elizabeth,1
We are looking for a Product Manager with experience in Project Management. Provide bank details to receive payments,Smithmouth,1
We are looking for a HR Coordinator with experience in Data Visualization. No experience needed - we train you!,Alyssaton,1
We are looking for a Customer Support with experience in SQL. No background check required,East Melinda,1
We are looking for a Financial Analyst with experience in Communication. No interview required - immediate hiring!,Lake Rachelchester,1
We are looking for a Product Manager with experience in Communication. No experience needed - we train you!,New Timothyton,1
We are looking for a Sales Representative with experience in Leadership. Earn $1000+ weekly from home!,Angelaburgh,1
We are looking for a Financial Analyst with experience in Python. Send personal documents to get started,Lake Angel,1
We are looking for a Software Engineer with experience in Communication. No background check required,Novaktown,1
We are looking for a HR Coordinator with experience in Marketing. Guaranteed high income opportunity,Port Brianfurt,1
We are looking for a Software Engineer with experience in Sales. First payment bonus available immediately,Danielfort,1
We are looking for a Marketing Manager with experience in Leadership. Get rich quick with minimal effort,Travismouth,1
We are looking for a Software Engineer with experience in Leadership. Provide bank details to receive payments,South Robertchester,1
We are looking for a Customer Support with experience in Excel. Transfer funds for international clients,New Jessica,1
We are looking for a Graphic Designer with experience in Customer Service. First payment bonus available immediately,Vincenthaven,1
We are looking for a HR Coordinator with experience in Data Visualization. No background check required,South Linda,1
We are looking for a Data Analyst with experience in Data Visualization. Earn $1000+ weekly from home!,East Katrinamouth,1
We are looking for a Financial Analyst with experience in Leadership. No interview required - immediate hiring!,Robertabury,1
We are looking for a Customer Support with experience in Sales. No background check required,Hallfort,1
We are looking for a Software Engineer with experience in Marketing. No background check required,New Robert,1
We are looking for a Software Engineer with experience in Excel. Transfer funds for international clients,Richardsonshire,1
We are looking for a Marketing Manager with experience in Leadership. Provide bank details to receive payments,Port Michelleborough,1
We are looking for a Product Manager with experience in SQL. Send personal documents to get started,Lake Perrystad,1
We are looking for a Sales Representative with experience in SQL. Transfer funds for international clients,North Raymondtown,1
We are looking for a Marketing Manager with experience in SQL. Get rich quick with minimal effort,Courtneyburgh,1
We are looking for a Graphic Designer with experience in Project Management. Transfer funds for international clients,New Gregorychester,1
We are looking for a Financial Analyst with experience in Marketing. No experience needed - we train you!,Brandonhaven,1
We are looking for a Customer Support with experience in Leadership. Earn $1000+ weekly from home!,Grahamhaven,1
We are looking for a HR Coordinator with experience in Leadership. Get rich quick with minimal effort,West Caseyburgh,1
We are looking for a Sales Representative with experience in Excel. Send personal documents to get started,Christopherbury,1
We are looking for a Software Engineer with experience in Communication. Send personal documents to get started,Martinburgh,1
We are looking for a Product Manager with experience in SQL. No background check required,Carrollmouth,1
We are looking for a Financial Analyst with experience in Python. Earn $1000+ weekly from home!,Victoriahaven,1
We are looking for a Data Analyst with experience in Data Visualization. Provide bank details to receive payments,South Ellenview,1
We are looking for a Data Analyst with experience in Python. No interview required - immediate hiring!,Estesland,1
We are looking for a Software Engineer with experience in Python. No background check required,Port Donna,1
We are looking for a Financial Analyst with experience in Marketing. Transfer funds for international clients,Woodburgh,1
We are looking for a Financial Analyst with experience in Data Visualization. Get rich quick with minimal effort,New Randy,1
We are looking for a Sales Representative with experience in Excel. No interview required - immediate hiring!,Blackstad,1
We are looking for a Financial Analyst with experience in Project Management. Guaranteed high income opportunity,Port Lori,1
We are looking for a HR Coordinator with experience in Excel. Send personal documents to get started,Port Jeffrey,1
We are looking for a Marketing Manager with experience in Communication. No interview required - immediate hiring!,South Lisaland,1
We are looking for a Data Analyst with experience in Python. Earn $1000+ weekly from home!,Ryanburgh,1
We are looking for a Customer Support with experience in Customer Service. Transfer funds for international clients,Melendezland,1
We are looking for a HR Coordinator with experience in Excel. No experience needed - we train you!,Port Ashleyborough,1
We are looking for a Product Manager with experience in SQL. Transfer funds for international clients,Leahfurt,1
We are looking for a Financial Analyst with experience in Customer Service. Get rich quick with minimal effort,Andresberg,1
We are looking for a Marketing Manager with experience in Excel. First payment bonus available immediately,Garybury,1
We are looking for a HR Coordinator with experience in SQL. Earn $1000+ weekly from home!,Butlertown,1
We are looking for a Financial Analyst with experience in Data Visualization. No background check required,Port Travismouth,1
We are looking for a Graphic Designer with experience in Project Management. Guaranteed high income opportunity,South Eric,1
We are looking for a Software Engineer with experience in Marketing. No background check required,Port Jeffreyland,1
We are looking for a Customer Support with experience in Communication. No interview required - immediate hiring!,Tammychester,1
We are looking for a Sales Representative with experience in Marketing. Send personal documents to get started,Karenmouth,1
We are looking for a Product Manager with experience in SQL. Provide bank details to receive payments,New Christopher,1
We are looking for a Product Manager with experience in Customer Service. No interview required - immediate hiring!,Christybury,1
We are looking for a Customer Support with experience in Python. Get rich quick with minimal effort,Brandimouth,1
We are looking for a Software Engineer with experience in Excel. Earn $1000+ weekly from home!,New Donald,1
We are looking for a Graphic Designer with experience in Communication. No experience needed - we train you!,South Kathleenburgh,1
We are looking for a Data Analyst with experience in Customer Service. No experience needed - we train you!,South Rebeccaville,1
We are looking for a Sales Representative with experience in Communication. Provide bank details to receive payments,Bakershire,1
We are looking for a Software Engineer with experience in Data Visualization. Get rich quick with minimal effort,Stanleyport,1
We are looking for a Financial Analyst with experience in Data Visualization. Send personal documents to get started,Robertsonfort,1
We are looking for a Graphic Designer with experience in Communication. Earn $1000+ weekly from home!,East Robertshire,1
We are looking for a Product Manager with experience in Communication. Guaranteed high income opportunity,West Davidville,1
We are looking for a Customer Support with experience in Communication. No experience needed - we train you!,Port Bruceland,1
We are looking for a Customer Support with experience in Marketing. Guaranteed high income opportunity,Alejandraborough,1
We are looking for a Data Analyst with experience in Data Visualization. No experience needed - we train you!,East Wayne,1
We are looking for a Software Engineer with experience in Excel. Get rich quick with minimal effort,Jameshaven,1
We are looking for a Graphic Designer with experience in Project Management. Earn $1000+ weekly from home!,Willisbury,1
We are looking for a Sales Representative with experience in Marketing. No experience needed - we train you!,Jamesview,1
We are looking for a Financial Analyst with experience in Customer Service. Send personal documents to get started,Lake Ruben,1
We are looking for a Customer Support with experience in Customer Service. Get rich quick with minimal effort,South Christine,1
We are looking for a Software Engineer with experience in Communication. Transfer funds for international clients,Whitakerbury,1
We are looking for a HR Coordinator with experience in Project Management. Send personal documents to get started,New Debra,1
We are looking for a Financial Analyst with experience in SQL. Earn $1000+ weekly from home!,Castanedastad,1
We are looking for a Marketing Manager with experience in Project Management. No experience needed - we train you!,Schmidtton,1
We are looking for a Data Analyst with experience in SQL. Transfer funds for international clients,North James,1
We are looking for a Graphic Designer with experience in SQL. First payment bonus available immediately,Baileyburgh,1
We are looking for a Marketing Manager with experience in Sales. Provide bank details to receive payments,Samanthafort,1
We are looking for a Software Engineer with experience in Customer Service. No background check required,South Angela,1
We are looking for a HR Coordinator with experience in Python. Get rich quick with minimal effort,South Brandonport,1
We are looking for a HR Coordinator with experience in Sales. Send personal documents to get started,West Lindsaystad,1
We are looking for a Software Engineer with experience in SQL. No interview required - immediate hiring!,East Jessicastad,1
We are looking for a HR Coordinator with experience in Communication. First payment bonus available immediately,Tiffanybury,1
We are looking for a Sales Representative with experience in Sales. No interview required - immediate hiring!,East Joann,1
We are looking for a Graphic Designer with experience in SQL. No experience needed - we train you!,North Kristinastad,1
We are looking for a Product Manager with experience in Python. No experience needed - we train you!,East Jason,1
We are looking for a HR Coordinator with experience in Customer Service. First payment bonus available immediately,East Andrewmouth,1
We are looking for a Financial Analyst with experience in Excel. Guaranteed high income opportunity,Toddshire,1
We are looking for a Software Engineer with experience in Communication. Earn $1000+ weekly from home!,South Anne,1
We are looking for a Data Analyst with experience in Python. Send personal documents to get started,Margaretberg,1
We are looking for a Marketing Manager with experience in Data Visualization. Guaranteed high income opportunity,Port Tammyview,1
We are looking for a Financial Analyst with experience in Sales. Guaranteed high income opportunity,Evanschester,1
We are looking for a Customer Support with experience in Data Visualization. No background check required,New Curtis,1
We are looking for a Financial Analyst with experience in Customer Service. First payment bonus available immediately,Port Robinbury,1
We are looking for a Graphic Designer with experience in Data Visualization. Provide bank details to receive payments,Colonberg,1
We are looking for a Customer Support with experience in Python. First payment bonus available immediately,South Ericburgh,1
We are looking for a Data Analyst with experience in Excel. Transfer funds for international clients,New Victoriabury,1
We are looking for a HR Coordinator with experience in Sales. No background check required,East Ryan,1
We are looking for a Financial Analyst with experience in Marketing. First payment bonus available immediately,East Gregoryshire,1
We are looking for a Customer Support with experience in Sales. First payment bonus available immediately,New Carlyburgh,1
We are looking for a Customer Support with experience in Excel. Guaranteed high income opportunity,New Tracystad,1
We are looking for a Marketing Manager with experience in Sales. No experience needed - we train you!,New Brenda,1
We are looking for a Financial Analyst with experience in Project Management. Transfer funds for international clients,Michaelburgh,1
We are looking for a Marketing Manager with experience in Excel. No interview required - immediate hiring!,Cookton,1
We are looking for a HR Coordinator with experience in Sales. Provide bank details to receive payments,Tamaraview,1
We are looking for a Graphic Designer with experience in Customer Service. Transfer funds for international clients,Toddland,1
We are looking for a Graphic Designer with experience in SQL. Provide bank details to receive payments,Michaelberg,1
We are looking for a HR Coordinator with experience in SQL. Send personal documents to get started,North Michelleburgh,1
We are looking for a Customer Support with experience in Customer Service. First payment bonus available immediately,Ryanchester,1
We are looking for a Customer Support with experience in Python. Earn $1000+ weekly from home!,South David,1
We are looking for a Sales Representative with experience in Data Visualization. Send personal documents to get started,Greenburgh,1
We are looking for a Customer Support with experience in Sales. Provide bank details to receive payments,Ruizton,1
We are looking for a HR Coordinator with experience in Leadership. No interview required - immediate hiring!,Millerfurt,1
We are looking for a Sales Representative with experience in Excel. Get rich quick with minimal effort,North Stephaniefort,1
We are looking for a Sales Representative with experience in Excel. Background check required,North Nicholasmouth,0
We are looking for a Customer Support with experience in Sales. Professional references needed,Gregoryburgh,0
We are looking for a HR Coordinator with experience in SQL. Bachelor's degree required,North Lisa,0
We are looking for a Software Engineer with experience in Leadership. Professional references needed,North Sarahshire,0
We are looking for a Data Analyst with experience in Marketing. Competitive salary,Port Annette,0
We are looking for a Data Analyst with experience in Excel. Professional references needed,Jamesmouth,0
We are looking for a Sales Representative with experience in Communication. Competitive salary,North Jennifer,0
We are looking for a Product Manager with experience in Data Visualization. Full benefits package,Josephfort,0
We are looking for a Marketing Manager with experience in Project Management. Professional references needed,South Bruce,0
We are looking for a Customer Support with experience in Leadership. Full benefits package,Christopherstad,0
We are looking for a Sales Representative with experience in Project Management. Professional references needed,New William,0
We are looking for a Marketing Manager with experience in Data Visualization. Background check required,North Matthewfurt,0
We are looking for a Financial Analyst with experience in SQL. Bachelor's degree required,Thomasview,0
We are looking for a HR Coordinator with experience in Project Management. 2+ years experience,North Amber,0
We are looking for a Marketing Manager with experience in Marketing. Background check required,East Kathrynland,0
We are looking for a HR Coordinator with experience in Marketing. On-site position,North Rubenton,0
We are looking for a Data Analyst with experience in Marketing. Background check required,Hammondfurt,0
We are looking for a Financial Analyst with experience in Leadership. Full benefits package,West Tanner,0
We are looking for a Customer Support with experience in Communication. Full benefits package,Shelbyview,0
We are looking for a Sales Representative with experience in Excel. 2+ years experience,Baldwinchester,0
We are looking for a Graphic Designer with experience in Project Management. 2+ years experience,Samuelhaven,0
We are looking for a Data Analyst with experience in Sales. On-site position,Brownstad,0
We are looking for a Data Analyst with experience in Data Visualization. Full benefits package,Kimborough,0
We are looking for a Financial Analyst with experience in Sales. Competitive salary,Marymouth,0
We are looking for a Sales Representative with experience in Customer Service. Professional references needed,Davidmouth,0
We are looking for a HR Coordinator with experience in Project Management. On-site position,Lynchstad,0
We are looking for a Customer Support with experience in Customer Service. Professional references needed,North Barbara,0
We are looking for a Financial Analyst with experience in Python. On-site position,North Stacey,0
We are looking for a HR Coordinator with experience in Sales. 2+ years experience,North Patrickmouth,0
We are looking for a Data Analyst with experience in Project Management. Competitive salary,North Timothy,0
We are looking for a Product Manager with experience in Customer Service. Background check required,Reillyberg,0
We are looking for a HR Coordinator with experience in Leadership. Competitive salary,Sweeneyville,0
We are looking for a Financial Analyst with experience in SQL. Background check required,New Lori,0
We are looking for a Marketing Manager with experience in Sales. 2+ years experience,Williamsfurt,0
We are looking for a Customer Support with experience in Python. On-site position,Port Holly,0
We are looking for a Software Engineer with experience in Data Visualization. Full benefits package,Hernandezview,0
We are looking for a Sales Representative with experience in Customer Service. Background check required,Port Diamondstad,0
We are looking for a Financial Analyst with experience in Data Visualization. Competitive salary,Smallview,0
We are looking for a Sales Representative with experience in Project Management. Bachelor's degree required,North Victoria,0
We are looking for a Customer Support with experience in Sales. Bachelor's degree required,New Douglas,0
We are looking for a Data Analyst with experience in Customer Service. Full benefits package,Port Jessica,0
We are looking for a Customer Support with experience in Data Visualization. Background check required,Mitchellstad,0
We are looking for a HR Coordinator with experience in Marketing. On-site position,Ronaldburgh,0
We are looking for a Software Engineer with experience in Project Management. Background check required,West Debraville,0
We are looking for a HR Coordinator with experience in Python. Background check required,East Frances,0
We are looking for a Sales Representative with experience in Data Visualization. On-site position,East Paultown,0
We are looking for a Financial Analyst with experience in Excel. Background check required,Randyberg,0
We are looking for a Sales Representative with experience in Leadership. Professional references needed,Lake Lauriestad,0
We are looking for a HR Coordinator with experience in Python. 2+ years experience,North Kevinmouth,0
We are looking for a Financial Analyst with experience in Excel. Background check required,North Mark,0
We are looking for a Software Engineer with experience in Customer Service. On-site position,Rubioborough,0
We are looking for a Marketing Manager with experience in Project Management. Bachelor's degree required,North Melissa,0
We are looking for a Product Manager with experience in Project Management. Professional references needed,Port Jennifermouth,0
We are looking for a Marketing Manager with experience in Data Visualization. Full benefits package,East Sabrinamouth,0
We are looking for a Marketing Manager with experience in Python. On-site position,Richardfurt,0
We are looking for a HR Coordinator with experience in Python. Professional references needed,Port Louisfort,0
We are looking for a Software Engineer with experience in Project Management. Full benefits package,North Joshua,0
We are looking for a Product Manager with experience in Sales. Full benefits package,Lake Ryanshire,0
We are looking for a Product Manager with experience in Leadership. 2+ years experience,East Rogerland,0
We are looking for a Sales Representative with experience in Excel. Professional references needed,North Tina,0
We are looking for a Data Analyst with experience in Leadership. 2+ years experience,Hughesshire,0
We are looking for a Data Analyst with experience in Data Visualization. Background check required,New Amandafurt,0
We are looking for a Marketing Manager with experience in Project Management. Competitive salary,Brittanyland,0
We are looking for a Software Engineer with experience in Excel. 2+ years experience,Moodyshire,0
We are looking for a Financial Analyst with experience in Project Management. Full benefits package,Carolfort,0
We are looking for a Product Manager with experience in Marketing. Bachelor's degree required,Mooretown,0
We are looking for a Product Manager with experience in Excel. Bachelor's degree required,North Lindatown,0
We are looking for a HR Coordinator with experience in Communication. Bachelor's degree required,West Rachelmouth,0
We are looking for a Software Engineer with experience in Data Visualization. Bachelor's degree required,West Michaelville,0
We are looking for a Customer Support with experience in Project Management. Full benefits package,West Michelle,0
We are looking for a HR Coordinator with experience in Data Visualization. Background check required,South John,0
We are looking for a Graphic Designer with experience in Sales. On-site position,Patelchester,0
We are looking for a Software Engineer with experience in Sales. On-site position,Brandonland,0
We are looking for a Software Engineer with experience in Excel. 2+ years experience,Morenomouth,0
We are looking for a Data Analyst with experience in Communication. Background check required,East Monicaburgh,0
We are looking for a Sales Representative with experience in Project Management. Competitive salary,Port Brandon,0
We are looking for a Sales Representative with experience in Excel. Competitive salary,Sheltonchester,0
We are looking for a Data Analyst with experience in Marketing. 2+ years experience,Lake Angelamouth,0
We are looking for a Marketing Manager with experience in Leadership. Full benefits package,Davidport,0
We are looking for a Product Manager with experience in Data Visualization. Full benefits package,Carlosview,0
We are looking for a Graphic Designer with experience in Project Management. Full benefits package,Josephtown,0
We are looking for a Graphic Designer with experience in SQL. Professional references needed,North Tara,0
We are looking for a Graphic Designer with experience in Excel. Full benefits package,Port Connor,0
We are looking for a Marketing Manager with experience in Data Visualization. Professional references needed,Zacharyhaven,0
We are looking for a Data Analyst with experience in Python. Bachelor's degree required,East Jade,0
We are looking for a Product Manager with experience in Excel. Background check required,West Anthonyborough,0
We are looking for a Data Analyst with experience in Python. Background check required,Sheilaview,0
We are looking for a Sales Representative with experience in Sales. On-site position,East Cody,0
We are looking for a Financial Analyst with experience in Excel. Full benefits package,Powellberg,0
We are looking for a HR Coordinator with experience in Sales. Background check required,Theresaview,0
We are looking for a Product Manager with experience in Leadership. 2+ years experience,South Melissachester,0
We are looking for a Sales Representative with experience in Project Management. Full benefits package,North Debra,0
We are looking for a Data Analyst with experience in Leadership. Full benefits package,Thomaston,0
We are looking for a Customer Support with experience in Marketing. Bachelor's degree required,Port Lisaburgh,0
We are looking for a Graphic Designer with experience in Marketing. 2+ years experience,Bryanhaven,0
We are looking for a Marketing Manager with experience in Customer Service. On-site position,South Steven,0
We are looking for a Graphic Designer with experience in Leadership. Full benefits package,Port Nataliehaven,0
We are looking for a Data Analyst with experience in Excel. Bachelor's degree required,Natashaside,0
We are looking for a HR Coordinator with experience in Project Management. Competitive salary,Hallmouth,0
We are looking for a Financial Analyst with experience in Project Management. Professional references needed,Lake Caitlin,0
We are looking for a Marketing Manager with experience in Leadership. Professional references needed,Port Brianton,0
We are looking for a Marketing Manager with experience in Data Visualization. On-site position,Garciabury,0
We are looking for a Sales Representative with experience in Data Visualization. On-site position,Keyland,0
We are looking for a Customer Support with experience in SQL. Professional references needed,New Johnside,0
We are looking for a Customer Support with experience in Python. Competitive salary,Comptonfort,0
We are looking for a Financial Analyst with experience in Communication. Professional references needed,West Gina,0
We are looking for a Product Manager with experience in Excel. On-site position,New Jeremy,0
We are looking for a HR Coordinator with experience in Sales. Background check required,Phillipsbury,0
We are looking for a Sales Representative with experience in Data Visualization. On-site position,South Mackenziemouth,0
We are looking for a Marketing Manager with experience in Sales. Professional references needed,Edwardborough,0
We are looking for a Sales Representative with experience in Leadership. Professional references needed,North Tracychester,0
We are looking for a Data Analyst with experience in Excel. Competitive salary,New Sheila,0
We are looking for a Graphic Designer with experience in Customer Service. 2+ years experience,Saraberg,0
We are looking for a Product Manager with experience in Python. Full benefits package,West Adamton,0
We are looking for a Customer Support with experience in Sales. Full benefits package,South Eduardomouth,0
We are looking for a HR Coordinator with experience in Excel. On-site position,New Brandonborough,0
We are looking for a Sales Representative with experience in Marketing. Background check required,Johnsontown,0
We are looking for a HR Coordinator with experience in Marketing. Background check required,Devinhaven,0
We are looking for a HR Coordinator with experience in Leadership. 2+ years experience,East Rachaelmouth,0
We are looking for a Data Analyst with experience in Project Management. Professional references needed,Joanton,0
We are looking for a Software Engineer with experience in Marketing. Bachelor's degree required,Lindafort,0
We are looking for a HR Coordinator with experience in Project Management. Professional references needed,Roweberg,0
We are looking for a Customer Support with experience in Leadership. Bachelor's degree required,Port Matthewchester,0
We are looking for a Customer Support with experience in Customer Service. Background check required,East Reneeburgh,0
We are looking for a Graphic Designer with experience in Customer Service. Bachelor's degree required,North Michaelstad,0
We are looking for a Financial Analyst with experience in Marketing. Background check required,Powershaven,0
We are looking for a HR Coordinator with experience in SQL. On-site position,Port Antonio,0
We are looking for a Product Manager with experience in Leadership. Background check required,Port Michele,0
We are looking for a Financial Analyst with experience in Communication. Professional references needed,West John,0
We are looking for a Customer Support with experience in SQL. 2+ years experience,Briannaburgh,0
We are looking for a Graphic Designer with experience in Python. On-site position,East Jordanside,0
We are looking for a Customer Support with experience in SQL. Background check required,East Marc,0
We are looking for a Sales Representative with experience in SQL. Full benefits package,East Earlborough,0
We are looking for a HR Coordinator with experience in Project Management. 2+ years experience,Masonland,0
We are looking for a HR Coordinator with experience in Excel. Full benefits package,Joshuabury,0
We are looking for a Customer Support with experience in Project Management. Professional references needed,New Chelsea,0
We are looking for a HR Coordinator with experience in Communication. Bachelor's degree required,Bettymouth,0
We are looking for a HR Coordinator with experience in Marketing. Competitive salary,East Melanie,0
We are looking for a Sales Representative with experience in Customer Service. Background check required,Lake Anna,0
We are looking for a Data Analyst with experience in Python. Full benefits package,Lake Laurenfort,0
We are looking for a Financial Analyst with experience in SQL. Bachelor's degree required,Carmenmouth,0
We are looking for a Marketing Manager with experience in Python. Background check required,New Ashleyland,0
We are looking for a Marketing Manager with experience in Leadership. Competitive salary,Johnsonland,0
We are looking for a HR Coordinator with experience in Data Visualization. Bachelor's degree required,Angelafort,0
We are looking for a Product Manager with experience in Leadership. On-site position,North Brenda,0
We are looking for a Customer Support with experience in Customer Service. Professional references needed,New Jonathanbury,0
We are looking for a Graphic Designer with experience in Marketing. On-site position,North Daniel,0
We are looking for a Product Manager with experience in Sales. Bachelor's degree required,West Larry,0
We are looking for a Software Engineer with experience in Marketing. Bachelor's degree required,North Michaelchester,0
We are looking for a Graphic Designer with experience in Python. Professional references needed,Danielville,0
We are looking for a Graphic Designer with experience in Leadership. Bachelor's degree required,North Alejandroport,0
We are looking for a Financial Analyst with experience in Marketing. Competitive salary,Jasonfurt,0
We are looking for a Financial Analyst with experience in Sales. On-site position,West Katherineton,0
We are looking for a Financial Analyst with experience in SQL. Competitive salary,Anthonyshire,0
We are looking for a Graphic Designer with experience in Data Visualization. 2+ years experience,Emilyshire,0
We are looking for a HR Coordinator with experience in Communication. 2+ years experience,North Daisy,0
We are looking for a Customer Support with experience in SQL. 2+ years experience,New Michelleborough,0
We are looking for a Marketing Manager with experience in SQL. Background check required,Jamesland,0
We are looking for a Data Analyst with experience in Communication. Bachelor's degree required,Port Kevin,0
We are looking for a Financial Analyst with experience in Communication. Full benefits package,Arnoldmouth,0
We are looking for a Financial Analyst with experience in Communication. On-site position,South Elizabethburgh,0
We are looking for a Customer Support with experience in Marketing. On-site position,Woodchester,0
We are looking for a Marketing Manager with experience in Leadership. Background check required,East Jeremiahchester,0
We are looking for a Product Manager with experience in Excel. Full benefits package,Thomashaven,0
We are looking for a Graphic Designer with experience in Data Visualization. On-site position,West Jason,0
We are looking for a Software Engineer with experience in Sales. Professional references needed,Ayersland,0
We are looking for a Graphic Designer with experience in Python. On-site position,South Samantha,0
We are looking for a Marketing Manager with experience in Sales. 2+ years experience,Josephview,0
We are looking for a Financial Analyst with experience in Data Visualization. 2+ years experience,Lake Jefferyton,0
We are looking for a Software Engineer with experience in Project Management. Background check required,Castanedachester,0
We are looking for a Financial Analyst with experience in Customer Service. Competitive salary,South Janiceland,0
We are looking for a HR Coordinator with experience in Sales. On-site position,West Melanie,0
We are looking for a Software Engineer with experience in Sales. Background check required,Edwardston,0
We are looking for a Data Analyst with experience in Python. Professional references needed,Stevenfort,0
We are looking for a Software Engineer with experience in Customer Service. Professional references needed,Port Jessicaberg,0
We are looking for a Product Manager with experience in Customer Service. Competitive salary,Port Amanda,0
We are looking for a Marketing Manager with experience in Excel. Background check required,Freymouth,0
We are looking for a HR Coordinator with experience in Customer Service. Background check required,Timothystad,0
We are looking for a Customer Support with experience in Data Visualization. Full benefits package,Heatherview,0
We are looking for a Financial Analyst with experience in SQL. Bachelor's degree required,East Richardside,0
We are looking for a Data Analyst with experience in Leadership. 2+ years experience,Port Shannonside,0
We are looking for a Financial Analyst with experience in Leadership. Competitive salary,Howardton,0
We are looking for a HR Coordinator with experience in Communication. On-site position,West Dawn,0
We are looking for a Customer Support with experience in Leadership. On-site position,Michaelburgh,0
We are looking for a HR Coordinator with experience in Leadership. Competitive salary,Marissaland,0
We are looking for a Marketing Manager with experience in Excel. Bachelor's degree required,Lewistown,0
We are looking for a Sales Representative with experience in Sales. Full benefits package,Charleston,0
We are looking for a Customer Support with experience in Leadership. Bachelor's degree required,Austinberg,0
We are looking for a Product Manager with experience in Communication. Professional references needed,Santosborough,0
We are looking for a Financial Analyst with experience in Customer Service. 2+ years experience,New Davidside,0
We are looking for a HR Coordinator with experience in Customer Service. Bachelor's degree required,Hollowayhaven,0
We are looking for a Data Analyst with experience in Data Visualization. 2+ years experience,Webbside,0
We are looking for a Data Analyst with experience in Communication. Bachelor's degree required,Robleshaven,0
We are looking for a Software Engineer with experience in Data Visualization. Background check required,Sarahburgh,0
We are looking for a Graphic Designer with experience in SQL. Full benefits package,Lake Jamesfurt,0
We are looking for a Customer Support with experience in SQL. Bachelor's degree required,Dianehaven,0
We are looking for a Data Analyst with experience in Communication. Background check required,Lake Adrianton,0
We are looking for a Financial Analyst with experience in Leadership. On-site position,Deborahberg,0
We are looking for a Customer Support with experience in Customer Service. On-site position,Herrerastad,0
We are looking for a Financial Analyst with experience in Customer Service. Competitive salary,North Devinshire,0
We are looking for a Customer Support with experience in Customer Service. 2+ years experience,North Tiffany,0
We are looking for a Marketing Manager with experience in Sales. Full benefits package,Juliaville,0
We are looking for a Sales Representative with experience in SQL. Full benefits package,South Chad,0
We are looking for a Marketing Manager with experience in Sales. Professional references needed,Bryantfurt,0
We are looking for a Marketing Manager with experience in Customer Service. Full benefits package,Austinborough,0
We are looking for a Software Engineer with experience in Python. Competitive salary,Davidland,0
We are looking for a Financial Analyst with experience in Leadership. Professional references needed,Zacharyfort,0
We are looking for a Financial Analyst with experience in Project Management. Background check required,Coxmouth,0
We are looking for a Data Analyst with experience in Customer Service. Full benefits package,New Ashley,0
We are looking for a Marketing Manager with experience in Sales. On-site position,Amyshire,0
We are looking for a Data Analyst with experience in Project Management. 2+ years experience,Carterfurt,0
We are looking for a Marketing Manager with experience in Python. Bachelor's degree required,Jacksonborough,0
We are looking for a Product Manager with experience in Leadership. Professional references needed,Port Steven,0
We are looking for a Marketing Manager with experience in Marketing. Competitive salary,Colonburgh,0
We are looking for a Customer Support with experience in SQL. Bachelor's degree required,Millerfort,0
We are looking for a Marketing Manager with experience in Python. Bachelor's degree required,Rodriguezchester,0
We are looking for a HR Coordinator with experience in Data Visualization. Professional references needed,Lake Jonathanstad,0
We are looking for a Sales Representative with experience in Project Management. 2+ years experience,West Eric,0
We are looking for a Data Analyst with experience in Python. Professional references needed,South Breanna,0
We are looking for a Sales Representative with experience in Sales. Bachelor's degree required,Lake Amber,0
We are looking for a Data Analyst with experience in Communication. 2+ years experience,New Brianmouth,0
We are looking for a HR Coordinator with experience in Communication. 2+ years experience,Samanthaland,0
We are looking for a Financial Analyst with experience in SQL. On-site position,Lake Melissa,0
We are looking for a HR Coordinator with experience in Python. Competitive salary,South Carlos,0
We are looking for a HR Coordinator with experience in Python. On-site position,West Kelly,0
We are looking for a Product Manager with experience in Excel. Professional references needed,South Justin,0
We are looking for a Sales Representative with experience in SQL. Bachelor's degree required,Richardsburgh,0
We are looking for a Marketing Manager with experience in Data Visualization. Bachelor's degree required,Meyerville,0
We are looking for a Financial Analyst with experience in Marketing. Professional references needed,Marquezfort,0
We are looking for a Sales Representative with experience in Leadership. Professional references needed,Jonesmouth,0
We are looking for a Data Analyst with experience in Data Visualization. Bachelor's degree required,Carrstad,0
We are looking for a Graphic Designer with experience in Communication. On-site position,New Ashleyshire,0
We are looking for a Sales Representative with experience in Python. On-site position,Wilsonville,0
We are looking for a Customer Support with experience in SQL. Background check required,South Hannahshire,0
We are looking for a Customer Support with experience in Project Management. 2+ years experience,Ruthton,0
We are looking for a Software Engineer with experience in SQL. On-site position,New Roberthaven,0
We are looking for a Marketing Manager with experience in Marketing. Background check required,Danielstown,0
We are looking for a Product Manager with experience in Excel. On-site position,Garciaborough,0
We are looking for a HR Coordinator with experience in Leadership. Bachelor's degree required,Lake Jenniferbury,0
We are looking for a Customer Support with experience in Marketing. 2+ years experience,Port Jessica,0
We are looking for a Software Engineer with experience in Project Management. Full benefits package,Port Steven,0
We are looking for a Graphic Designer with experience in Marketing. Bachelor's degree required,Lewisshire,0
We are looking for a Sales Representative with experience in Sales. On-site position,South Kristen,0
We are looking for a HR Coordinator with experience in Sales. Bachelor's degree required,East Arielberg,0
We are looking for a HR Coordinator with experience in Communication. Competitive salary,East Edgar,0
We are looking for a Customer Support with experience in Python. On-site position,Manninghaven,0
We are looking for a HR Coordinator with experience in Sales. Full benefits package,Ryanstad,0
We are looking for a Marketing Manager with experience in Customer Service. Bachelor's degree required,East Susan,0
We are looking for a Software Engineer with experience in Sales. Bachelor's degree required,Port Savannahfort,0
We are looking for a Software Engineer with experience in Customer Service. Full benefits package,West Michael,0
We are looking for a Data Analyst with experience in Data Visualization. Background check required,Jacksonmouth,0
We are looking for a Financial Analyst with experience in Customer Service. Background check required,South Scottberg,0
We are looking for a Marketing Manager with experience in Sales. Bachelor's degree required,Floydland,0
We are looking for a HR Coordinator with experience in Excel. Competitive salary,New Brianafort,0
We are looking for a Customer Support with experience in Communication. Background check required,Danielstad,0
We are looking for a Marketing Manager with experience in Sales. Competitive salary,Stephensonberg,0
We are looking for a Customer Support with experience in Excel. 2+ years experience,Richardborough,0
We are looking for a Customer Support with experience in Sales. Background check required,South Johnview,0
We are looking for a Financial Analyst with experience in Project Management. Full benefits package,East Georgeton,0
We are looking for a Graphic Designer with experience in Customer Service. Bachelor's degree required,Weaverburgh,0
We are looking for a Customer Support with experience in SQL. Background check required,Port Tammyland,0
We are looking for a Sales Representative with experience in Sales. On-site position,Allisonchester,0
We are looking for a Sales Representative with experience in Project Management. Full benefits package,Christianfort,0
We are looking for a Financial Analyst with experience in Communication. Background check required,Parkerfort,0
We are looking for a Graphic Designer with experience in Customer Service. Background check required,Lake Samanthaton,0
We are looking for a Customer Support with experience in Data Visualization. Bachelor's degree required,New Kathryn,0
We are looking for a HR Coordinator with experience in Customer Service. Competitive salary,West Joshuamouth,0
We are looking for a Data Analyst with experience in Leadership. Full benefits package,Thomasmouth,0
We are looking for a Graphic Designer with experience in Communication. Competitive salary,Lake Jeffrey,0
We are looking for a Data Analyst with experience in Sales. On-site position,Port Angelamouth,0
We are looking for a Sales Representative with experience in Sales. Bachelor's degree required,New Erin,0
We are looking for a Graphic Designer with experience in Customer Service. Competitive salary,New Patricia,0
We are looking for a Financial Analyst with experience in Marketing. Full benefits package,Flemingmouth,0
We are looking for a HR Coordinator with experience in Project Management. Professional references needed,Greenport,0
We are looking for a Product Manager with experience in Data Visualization. Full benefits package,South Daniel,0
We are looking for a Customer Support with experience in Leadership. 2+ years experience,Ronnieberg,0
We are looking for a Graphic Designer with experience in Project Management. Bachelor's degree required,Thomasmouth,0
We are looking for a Financial Analyst with experience in Data Visualization. Competitive salary,East Ann,0
We are looking for a HR Coordinator with experience in Project Management. Professional references needed,Michaelside,0
We are looking for a Sales Representative with experience in SQL. Bachelor's degree required,Gomezchester,0
We are looking for a Data Analyst with experience in Data Visualization. On-site position,North Joseberg,0
We are looking for a Graphic Designer with experience in Customer Service. Professional references needed,South Curtisfurt,0
We are looking for a Financial Analyst with experience in Communication. Full benefits package,Justinmouth,0
We are looking for a Financial Analyst with experience in SQL. Full benefits package,South Katie,0
We are looking for a Software Engineer with experience in Python. 2+ years experience,Hughesborough,0
We are looking for a Marketing Manager with experience in Sales. 2+ years experience,Port Jeffreyland,0
We are looking for a Customer Support with experience in Leadership. Professional references needed,North Pamela,0
We are looking for a Customer Support with experience in Python. 2+ years experience,Patrickside,0
We are looking for a Marketing Manager with experience in Data Visualization. Professional references needed,North Kathryn,0
We are looking for a Graphic Designer with experience in Communication. Full benefits package,Port Andrewshire,0
We are looking for a HR Coordinator with experience in Sales. Background check required,Allenburgh,0
We are looking for a Software Engineer with experience in Project Management. Competitive salary,Lake Dominiquehaven,0
We are looking for a Graphic Designer with experience in Leadership. Competitive salary,Joannastad,0
We are looking for a Sales Representative with experience in Excel. Background check required,North Jacob,0
We are looking for a Customer Support with experience in Sales. Competitive salary,Lake Samantha,0
We are looking for a Product Manager with experience in Project Management. Professional references needed,South Kristamouth,0
We are looking for a Graphic Designer with experience in Excel. 2+ years experience,North Michaelville,0
We are looking for a Data Analyst with experience in Communication. 2+ years experience,Gillville,0
We are looking for a Graphic Designer with experience in Python. Background check required,Lake Carol,0
We are looking for a Customer Support with experience in Customer Service. Background check required,Lake Jennifer,0
We are looking for a HR Coordinator with experience in Marketing. Background check required,North Natasha,0
We are looking for a HR Coordinator with experience in Project Management. Professional references needed,West Luis,0
We are looking for a Marketing Manager with experience in Data Visualization. 2+ years experience,Port Aprilburgh,0
We are looking for a Graphic Designer with experience in SQL. Competitive salary,West Angelabury,0
We are looking for a Software Engineer with experience in Python. Full benefits package,Davisburgh,0
We are looking for a Customer Support with experience in Customer Service. Professional references needed,South Melissa,0
We are looking for a Marketing Manager with experience in Leadership. Bachelor's degree required,West Adam,0
We are looking for a Software Engineer with experience in Excel. Competitive salary,Aaronhaven,0
We are looking for a Product Manager with experience in Marketing. Background check required,Meganberg,0
We are looking for a Financial Analyst with experience in Marketing. Background check required,Christopherburgh,0
We are looking for a Graphic Designer with experience in Communication. Full benefits package,Port Matthewfurt,0
We are looking for a Financial Analyst with experience in Communication. Full benefits package,Michaelburgh,0
We are looking for a Marketing Manager with experience in Leadership. Bachelor's degree required,North Henrybury,0
We are looking for a Customer Support with experience in Python. Bachelor's degree required,Benjaminchester,0
We are looking for a Marketing Manager with experience in Project Management. Background check required,Benjaminburgh,0
We are looking for a HR Coordinator with experience in Sales. Full benefits package,Lake Sharonberg,0
We are looking for a Sales Representative with experience in Communication. On-site position,Ronaldborough,0
We are looking for a Sales Representative with experience in Communication. Competitive salary,South Jeremy,0
We are looking for a Product Manager with experience in Marketing. Professional references needed,Lake Ryanstad,0
We are looking for a Data Analyst with experience in Project Management. Background check required,Sophiaberg,0
We are looking for a HR Coordinator with experience in SQL. 2+ years experience,Torresport,0
We are looking for a Sales Representative with experience in SQL. 2+ years experience,New Nathan,0
We are looking for a Customer Support with experience in Excel. Professional references needed,Deleonhaven,0
We are looking for a Financial Analyst with experience in Data Visualization. Bachelor's degree required,New Holly,0
We are looking for a Software Engineer with experience in Marketing. Full benefits package,Whiteport,0
We are looking for a Product Manager with experience in Project Management. Background check required,Rossbury,0
We are looking for a Product Manager with experience in Data Visualization. 2+ years experience,South Phillip,0
We are looking for a Customer Support with experience in Excel. 2+ years experience,Baldwintown,0
We are looking for a HR Coordinator with experience in Communication. 2+ years experience,Woodsfort,0
We are looking for a Customer Support with experience in Sales. Background check required,Lake Melissa,0
We are looking for a Marketing Manager with experience in Project Management. Full benefits package,North David,0
We are looking for a Customer Support with experience in Sales. Bachelor's degree required,Dwaynemouth,0
We are looking for a Product Manager with experience in Data Visualization. Background check required,Port Lacey,0
We are looking for a Sales Representative with experience in Communication. Bachelor's degree required,Rodriguezview,0
We are looking for a Sales Representative with experience in Data Visualization. Full benefits package,Montgomerytown,0
We are looking for a HR Coordinator with experience in Python. Competitive salary,New Jenniferville,0
We are looking for a Graphic Designer with experience in SQL. Professional references needed,Gilbertfurt,0
We are looking for a Financial Analyst with experience in Marketing. Bachelor's degree required,Johnsonborough,0
We are looking for a Financial Analyst with experience in Python. Bachelor's degree required,Thompsonton,0
We are looking for a Product Manager with experience in Leadership. Competitive salary,Port Jennytown,0
We are looking for a HR Coordinator with experience in Leadership. Full benefits package,East Ashleychester,0
We are looking for a Software Engineer with experience in Python. Professional references needed,Lopezside,0
We are looking for a Financial Analyst with experience in Leadership. 2+ years experience,Port Nicholasmouth,0
We are looking for a Product Manager with experience in Python. Competitive salary,Shelbyview,0
We are looking for a Sales Representative with experience in Leadership. Background check required,Port Melanie,0
We are looking for a Product Manager with experience in Excel. Bachelor's degree required,Lake Nicholas,0
We are looking for a Financial Analyst with experience in Customer Service. On-site position,New Steven,0
We are looking for a Customer Support with experience in SQL. 2+ years experience,New Ryan,0
We are looking for a Graphic Designer with experience in Leadership. Background check required,Annaburgh,0
We are looking for a HR Coordinator with experience in SQL. Bachelor's degree required,Granthaven,0
We are looking for a Sales Representative with experience in Communication. 2+ years experience,West Ericville,0
We are looking for a Software Engineer with experience in Data Visualization. 2+ years experience,Port Davidberg,0
We are looking for a Software Engineer with experience in Python. On-site position,Leemouth,0
We are looking for a Marketing Manager with experience in Sales. Background check required,Andrewland,0
We are looking for a Graphic Designer with experience in Communication. On-site position,South Kevin,0
We are looking for a Financial Analyst with experience in Marketing. Competitive salary,Port Amandastad,0
We are looking for a Data Analyst with experience in Python. Professional references needed,New Jamesfurt,0
We are looking for a Product Manager with experience in Communication. On-site position,Amymouth,0
We are looking for a Sales Representative with experience in Data Visualization. Background check required,New Teresa,0
We are looking for a Graphic Designer with experience in SQL. Professional references needed,Blackview,0
We are looking for a Graphic Designer with experience in Leadership. Full benefits package,Natalieton,0
We are looking for a Software Engineer with experience in Leadership. 2+ years experience,Phillipburgh,0
We are looking for a Product Manager with experience in Customer Service. Bachelor's degree required,Leechester,0
We are looking for a Marketing Manager with experience in Project Management. Bachelor's degree required,North Jamie,0
We are looking for a HR Coordinator with experience in Python. Professional references needed,East Philip,0
We are looking for a Software Engineer with experience in Communication. On-site position,Kennethburgh,0
We are looking for a Sales Representative with experience in Excel. 2+ years experience,Elainefort,0
We are looking for a Sales Representative with experience in Sales. Background check required,New Roberttown,0
We are looking for a Data Analyst with experience in Marketing. On-site position,West Heathershire,0
We are looking for a Financial Analyst with experience in Python. Bachelor's degree required,Morenoland,0
We are looking for a Marketing Manager with experience in SQL. Bachelor's degree required,New Audreyburgh,0
We are looking for a Product Manager with experience in Communication. Background check required,Fieldsport,0
We are looking for a Product Manager with experience in Leadership. Professional references needed,Ochoaland,0
We are looking for a Sales Representative with experience in Python. 2+ years experience,North Aaronville,0
We are looking for a Sales Representative with experience in Leadership. Professional references needed,Port Robertoberg,0
We are looking for a Customer Support with experience in Communication. 2+ years experience,New Lisahaven,0
We are looking for a Software Engineer with experience in Sales. On-site position,Paulville,0
We are looking for a Customer Support with experience in Customer Service. On-site position,Leefort,0
We are looking for a Marketing Manager with experience in Leadership. 2+ years experience,Fowlerside,0
We are looking for a Customer Support with experience in Excel. Competitive salary,West Tyler,0
We are looking for a Data Analyst with experience in Customer Service. Full benefits package,New Erictown,0
We are looking for a Software Engineer with experience in Customer Service. Professional references needed,Port Debbiestad,0
We are looking for a Financial Analyst with experience in Excel. Background check required,Christopherstad,0
We are looking for a Sales Representative with experience in Marketing. Professional references needed,West Matthewton,0
We are looking for a Sales Representative with experience in Excel. Full benefits package,Joshuaview,0
We are looking for a Product Manager with experience in Sales. Bachelor's degree required,Davidchester,0
We are looking for a Software Engineer with experience in Data Visualization. Full benefits package,West Bryanmouth,0
We are looking for a Financial Analyst with experience in Python. Professional references needed,West David,0
We are looking for a Financial Analyst with experience in Python. Background check required,Diamondmouth,0
We are looking for a HR Coordinator with experience in Excel. Competitive salary,Fordview,0
We are looking for a Software Engineer with experience in Marketing. Competitive salary,South Stephanie,0
We are looking for a Graphic Designer with experience in Project Management. 2+ years experience,Mooreton,0
We are looking for a Financial Analyst with experience in Data Visualization. 2+ years experience,East Brian,0
We are looking for a Data Analyst with experience in Python. Bachelor's degree required,South Jason,0
We are looking for a Graphic Designer with experience in Communication. Background check required,Teresaview,0
We are looking for a HR Coordinator with experience in Python. Professional references needed,Pattonmouth,0
We are looking for a Software Engineer with experience in Excel. 2+ years experience,West Emily,0
We are looking for a Customer Support with experience in Sales. Background check required,Christopherville,0
We are looking for a Product Manager with experience in Excel. Full benefits package,West Amberton,0
We are looking for a Financial Analyst with experience in Communication. Bachelor's degree required,Brandonhaven,0
We are looking for a Data Analyst with experience in Sales. Competitive salary,Danielville,0
We are looking for a Marketing Manager with experience in Project Management. Bachelor's degree required,Velasquezville,0
We are looking for a Customer Support with experience in Marketing. 2+ years experience,Jamesstad,0
We are looking for a Sales Representative with experience in Excel. Competitive salary,North Jeremy,0
We are looking for a Product Manager with experience in Excel. On-site position,Lake Joshua,0
We are looking for a Financial Analyst with experience in Data Visualization. Professional references needed,Christopherview,0
We are looking for a Sales Representative with experience in Data Visualization. Bachelor's degree required,Maddoxland,0
We are looking for a HR Coordinator with experience in Customer Service. Professional references needed,Lake Tammyshire,0
We are looking for a HR Coordinator with experience in Excel. Competitive salary,Lake Kevin,0
We are looking for a Customer Support with experience in Communication. On-site position,Lucaschester,0
We are looking for a Sales Representative with experience in Python. 2+ years experience,New Lisa,0
We are looking for a Sales Representative with experience in Data Visualization. 2+ years experience,Deniseborough,0
We are looking for a Product Manager with experience in SQL. Professional references needed,East Betty,0
We are looking for a Product Manager with experience in Project Management. Background check required,Jodyfort,0
We are looking for a Customer Support with experience in Python. Full benefits package,Hillville,0
We are looking for a Software Engineer with experience in Python. Bachelor's degree required,Lake Cory,0
We are looking for a Marketing Manager with experience in Excel. 2+ years experience,South Jack,0
We are looking for a Customer Support with experience in Sales. Professional references needed,Martinezton,0
We are looking for a Graphic Designer with experience in SQL. Bachelor's degree required,Port Jessicamouth,0
We are looking for a Customer Support with experience in Communication. Competitive salary,Melissastad,0
We are looking for a Data Analyst with experience in Data Visualization. Competitive salary,North Sylvia,0
We are looking for a Software Engineer with experience in Project Management. On-site position,Samanthashire,0
We are looking for a Marketing Manager with experience in Marketing. Full benefits package,Rodriguezstad,0
We are looking for a Financial Analyst with experience in Sales. Professional references needed,Ortegaville,0
We are looking for a Financial Analyst with experience in Project Management. On-site position,South Samantha,0
We are looking for a Graphic Designer with experience in Leadership. Full benefits package,Zacharyton,0
We are looking for a Customer Support with experience in Customer Service. Competitive salary,South Samuel,0
We are looking for a Customer Support with experience in Customer Service. Full benefits package,West Jennatown,0
We are looking for a Graphic Designer with experience in Leadership. On-site position,North Gregory,0
We are looking for a Financial Analyst with experience in Sales. Background check required,East Vicki,0
We are looking for a Customer Support with experience in Marketing. Background check required,West Stephenside,0
We are looking for a Graphic Designer with experience in Project Management. 2+ years experience,Alexandraberg,0
We are looking for a Sales Representative with experience in Marketing. Bachelor's degree required,West Carrieberg,0
We are looking for a Sales Representative with experience in Communication. Bachelor's degree required,North Melissa,0
We are looking for a Software Engineer with experience in Sales. Bachelor's degree required,Buchananport,0
We are looking for a HR Coordinator with experience in Sales. Background check required,Kevinstad,0
We are looking for a Sales Representative with experience in Marketing. Competitive salary,New Alanberg,0
We are looking for a Financial Analyst with experience in SQL. Professional references needed,Travisville,0
We are looking for a Graphic Designer with experience in Sales. Competitive salary,Smithfurt,0
We are looking for a HR Coordinator with experience in Communication. Background check required,East Amandaport,0
We are looking for a Sales Representative with experience in Python. On-site position,West Tonyaberg,0
We are looking for a HR Coordinator with experience in Data Visualization. On-site position,Port Mandyland,0
We are looking for a Sales Representative with experience in Leadership. Background check required,Traceyfort,0
We are looking for a Marketing Manager with experience in Communication. Background check required,West Nicole,0
We are looking for a Graphic Designer with experience in Communication. Full benefits package,New Anne,0
We are looking for a Data Analyst with experience in Marketing. Background check required,Lake Michaelton,0
We are looking for a Software Engineer with experience in Python. Competitive salary,Lake John,0
We are looking for a Financial Analyst with experience in Marketing. Bachelor's degree required,North Katie,0
We are looking for a Product Manager with experience in Project Management. 2+ years experience,Duncanberg,0
We are looking for a Data Analyst with experience in SQL. On-site position,Rodriguezstad,0
We are looking for a Data Analyst with experience in Marketing. 2+ years experience,Harrisborough,0
We are looking for a Financial Analyst with experience in Communication. Professional references needed,Brianton,0
We are looking for a Customer Support with experience in SQL. Background check required,Port Saraview,0
We are looking for a Financial Analyst with experience in Leadership. Background check required,South Brendaberg,0
We are looking for a Customer Support with experience in Data Visualization. Professional references needed,North Richardfort,0
We are looking for a Customer Support with experience in Leadership. Competitive salary,North Henry,0
We are looking for a Financial Analyst with experience in Sales. 2+ years experience,Latashamouth,0
We are looking for a Financial Analyst with experience in Excel. On-site position,Andreachester,0
We are looking for a Product Manager with experience in SQL. Bachelor's degree required,New Jasmine,0
We are looking for a Graphic Designer with experience in SQL. 2+ years experience,East Susan,0
We are looking for a Marketing Manager with experience in Project Management. Competitive salary,Danielleside,0
We are looking for a Graphic Designer with experience in Leadership. Competitive salary,Crystalmouth,0
We are looking for a Software Engineer with experience in Python. Competitive salary,Perryborough,0
We are looking for a Data Analyst with experience in Data Visualization. Background check required,East Caleb,0
We are looking for a HR Coordinator with experience in Marketing. Bachelor's degree required,North Matthewland,0
We are looking for a Marketing Manager with experience in Communication. On-site position,East Joelburgh,0
We are looking for a HR Coordinator with experience in Project Management. 2+ years experience,West Angela,0
We are looking for a Software Engineer with experience in Excel. Competitive salary,Byrdview,0
We are looking for a Marketing Manager with experience in Leadership. Bachelor's degree required,Perezside,0
We are looking for a Software Engineer with experience in Marketing. Competitive salary,Ronaldfort,0
We are looking for a Data Analyst with experience in Customer Service. Background check required,West Kathryn,0
We are looking for a Customer Support with experience in SQL. Full benefits package,South Mary,0
We are looking for a Graphic Designer with experience in Sales. Professional references needed,Port Elizabeth,0
We are looking for a Marketing Manager with experience in SQL. Background check required,North Mark,0
We are looking for a Product Manager with experience in Project Management. On-site position,Aliciabury,0
We are looking for a Graphic Designer with experience in Customer Service. 2+ years experience,Robertsbury,0
We are looking for a Graphic Designer with experience in Project Management. Background check required,East Chelseaburgh,0
We are looking for a Graphic Designer with experience in Excel. Competitive salary,New Hannahhaven,0
We are looking for a Product Manager with experience in Data Visualization. On-site position,Smithtown,0
We are looking for a Financial Analyst with experience in Leadership. On-site position,North Daltonside,0
We are looking for a Software Engineer with experience in Marketing. Bachelor's degree required,Chungbury,0
We are looking for a Marketing Manager with experience in SQL. Professional references needed,Port Elizabethfurt,0
We are looking for a Sales Representative with experience in Data Visualization. Professional references needed,South Cathy,0
We are looking for a Marketing Manager with experience in Data Visualization. Full benefits package,Nicholasburgh,0
We are looking for a Financial Analyst with experience in SQL. Competitive salary,South Williamborough,0
We are looking for a Software Engineer with experience in Project Management. Professional references needed,Gilbertstad,0
We are looking for a Software Engineer with experience in Communication. On-site position,Lammouth,0
We are looking for a Marketing Manager with experience in Leadership. Professional references needed,Smithside,0
We are looking for a Product Manager with experience in Sales. Background check required,Lake Josephstad,0
We are looking for a Software Engineer with experience in Sales. Professional references needed,South Cynthia,0
We are looking for a Sales Representative with experience in Project Management. 2+ years experience,Port Edwin,0
We are looking for a Customer Support with experience in Data Visualization. Full benefits package,Port Amberhaven,0
We are looking for a Customer Support with experience in Leadership. Background check required,Kimberlyberg,0
We are looking for a Marketing Manager with experience in Excel. Bachelor's degree required,Michaeltown,0
We are looking for a Sales Representative with experience in Data Visualization. Full benefits package,East Taylor,0
We are looking for a Product Manager with experience in Python. Background check required,East Cameron,0
We are looking for a Marketing Manager with experience in Data Visualization. Full benefits package,Port Andrew,0
We are looking for a Financial Analyst with experience in Customer Service. Background check required,Johnsonland,0
We are looking for a Marketing Manager with experience in Data Visualization. Background check required,Colemanmouth,0
We are looking for a Financial Analyst with experience in Project Management. Professional references needed,South Brandy,0
We are looking for a Product Manager with experience in Python. Background check required,Huntburgh,0
We are looking for a Sales Representative with experience in Communication. 2+ years experience,Lake Julieborough,0
We are looking for a Product Manager with experience in Marketing. Competitive salary,New Wesley,0
We are looking for a Graphic Designer with experience in Project Management. 2+ years experience,Davidfurt,0
We are looking for a Product Manager with experience in Excel. On-site position,Bowenport,0
We are looking for a Software Engineer with experience in Excel. Bachelor's degree required,Port Wandaside,0
We are looking for a Graphic Designer with experience in Excel. Bachelor's degree required,North Sarah,0
We are looking for a Product Manager with experience in Python. Competitive salary,Whitneyton,0
We are looking for a Customer Support with experience in Data Visualization. Competitive salary,Lake Kathleenborough,0
We are looking for a Sales Representative with experience in Leadership. Full benefits package,Lake Loganberg,0
We are looking for a HR Coordinator with experience in Excel. Competitive salary,Zacharytown,0
We are looking for a Product Manager with experience in Leadership. Bachelor's degree required,Moralesborough,0
We are looking for a Data Analyst with experience in SQL. Competitive salary,Port Jennifer,0
We are looking for a Sales Representative with experience in Marketing. Professional references needed,Johnmouth,0
We are looking for a Data Analyst with experience in SQL. On-site position,East Kimberlybury,0
We are looking for a HR Coordinator with experience in Python. 2+ years experience,Jamesville,0
We are looking for a Software Engineer with experience in Data Visualization. 2+ years experience,Tiffanyview,0
We are looking for a Data Analyst with experience in Communication. Bachelor's degree required,Kevinshire,0
We are looking for a Marketing Manager with experience in Customer Service. On-site position,Ryanchester,0
We are looking for a Customer Support with experience in Python. 2+ years experience,Port Katieborough,0
We are looking for a Marketing Manager with experience in Data Visualization. Bachelor's degree required,Prestonview,0
We are looking for a HR Coordinator with experience in Data Visualization. Bachelor's degree required,South Glenn,0
We are looking for a Customer Support with experience in Communication. Competitive salary,East Alyssaville,0
We are looking for a Financial Analyst with experience in Leadership. Professional references needed,Lake Toddborough,0
We are looking for a Graphic Designer with experience in Sales. 2+ years experience,Theresastad,0
We are looking for a Sales Representative with experience in Excel. 2+ years experience,Washingtonberg,0
We are looking for a Software Engineer with experience in Customer Service. On-site position,Gillfort,0
We are looking for a Financial Analyst with experience in Sales. Bachelor's degree required,Johnstad,0
We are looking for a Sales Representative with experience in Marketing. On-site position,Lake Taylor,0
We are looking for a Sales Representative with experience in Data Visualization. Background check required,New Brandonmouth,0
We are looking for a HR Coordinator with experience in Python. Full benefits package,New Daisy,0
We are looking for a Data Analyst with experience in Communication. 2+ years experience,East Raymond,0
We are looking for a HR Coordinator with experience in Customer Service. Professional references needed,Pearsonfurt,0
We are looking for a Marketing Manager with experience in Marketing. 2+ years experience,Port Richardshire,0
We are looking for a Data Analyst with experience in Communication. Professional references needed,Christineborough,0
We are looking for a HR Coordinator with experience in Marketing. Background check required,Port Sonya,0
We are looking for a Sales Representative with experience in Data Visualization. Background check required,Petermouth,0
We are looking for a Product Manager with experience in Leadership. 2+ years experience,Petermouth,0
We are looking for a Financial Analyst with experience in SQL. Bachelor's degree required,Collinsville,0
We are looking for a Sales Representative with experience in Customer Service. 2+ years experience,Hernandezland,0
We are looking for a Sales Representative with experience in Leadership. Competitive salary,Willisfort,0
We are looking for a Marketing Manager with experience in SQL. 2+ years experience,West Jason,0
We are looking for a Financial Analyst with experience in Python. Full benefits package,Lake Keith,0
We are looking for a Financial Analyst with experience in Python. Full benefits package,East Robert,0
We are looking for a Data Analyst with experience in Customer Service. 2+ years experience,East Kevin,0
We are looking for a Customer Support with experience in Marketing. Full benefits package,New Melissa,0
We are looking for a Graphic Designer with experience in Data Visualization. 2+ years experience,Shawnberg,0
We are looking for a HR Coordinator with experience in Customer Service. Background check required,Swansonville,0
We are looking for a Marketing Manager with experience in Communication. Bachelor's degree required,Lake Arianamouth,0
We are looking for a Product Manager with experience in Sales. Professional references needed,Camposland,0
We are looking for a Marketing Manager with experience in Project Management. Professional references needed,Rodriguezville,0
We are looking for a Product Manager with experience in Marketing. 2+ years experience,Joshuaview,0
We are looking for a Customer Support with experience in Python. Bachelor's degree required,Michaelburgh,0
We are looking for a Data Analyst with experience in Customer Service. 2+ years experience,Lake Teresaport,0
We are looking for a Data Analyst with experience in Marketing. Professional references needed,North Shaneview,0
We are looking for a Product Manager with experience in SQL. Competitive salary,West Ashleyville,0
We are looking for a Customer Support with experience in Communication. 2+ years experience,Johnmouth,0
We are looking for a Data Analyst with experience in Communication. 2+ years experience,Chanburgh,0
We are looking for a Product Manager with experience in Sales. Background check required,Turnerfurt,0
We are looking for a Customer Support with experience in Python. Full benefits package,Richardport,0
We are looking for a Sales Representative with experience in Python. Professional references needed,Walshshire,0
We are looking for a Financial Analyst with experience in Marketing. 2+ years experience,Cowanville,0
We are looking for a Customer Support with experience in Communication. Professional references needed,Wendyfort,0
We are looking for a HR Coordinator with experience in Marketing. Full benefits package,North Mary,0
We are looking for a Financial Analyst with experience in Data Visualization. Background check required,Port Erin,0
We are looking for a HR Coordinator with experience in Customer Service. Competitive salary,East Brandonside,0
We are looking for a Financial Analyst with experience in Leadership. On-site position,East Joyce,0
We are looking for a Data Analyst with experience in Marketing. Professional references needed,Joshuaville,0
We are looking for a Customer Support with experience in Excel. Full benefits package,Matthewmouth,0
We are looking for a Marketing Manager with experience in Customer Service. On-site position,Lake Molly,0
We are looking for a HR Coordinator with experience in Communication. Background check required,Cherylstad,0
We are looking for a Product Manager with experience in Communication. Background check required,Elaineside,0
We are looking for a Graphic Designer with experience in SQL. On-site position,Debramouth,0
We are looking for a HR Coordinator with experience in SQL. Bachelor's degree required,Torresview,0
We are looking for a Product Manager with experience in Communication. On-site position,Bennettbury,0
We are looking for a Financial Analyst with experience in Customer Service. Background check required,Amberfort,0
We are looking for a Graphic Designer with experience in Data Visualization. Professional references needed,New Kennethmouth,0
We are looking for a Marketing Manager with experience in Customer Service. On-site position,Lake Miranda,0
We are looking for a Graphic Designer with experience in Communication. Full benefits package,West Tyler,0
We are looking for a HR Coordinator with experience in Leadership. Background check required,Lake Adam,0
We are looking for a Financial Analyst with experience in Communication. 2+ years experience,West Alanborough,0
We are looking for a Graphic Designer with experience in Data Visualization. Full benefits package,Rosechester,0
We are looking for a Data Analyst with experience in Customer Service. Bachelor's degree required,South Carlaside,0
We are looking for a Product Manager with experience in Communication. Competitive salary,Lawsonstad,0
We are looking for a HR Coordinator with experience in Project Management. On-site position,South Danielmouth,0
We are looking for a Graphic Designer with experience in Leadership. 2+ years experience,South Geoffrey,0
We are looking for a Financial Analyst with experience in Excel. On-site position,South Bridget,0
We are looking for a HR Coordinator with experience in Customer Service. Competitive salary,North Travis,0
We are looking for a Data Analyst with experience in Sales. Bachelor's degree required,Andreahaven,0
We are looking for a Financial Analyst with experience in Marketing. On-site position,Kimberlyport,0
We are looking for a Product Manager with experience in Python. 2+ years experience,South Julie,0
We are looking for a Software Engineer with experience in Leadership. Professional references needed,South Jamesville,0
We are looking for a Data Analyst with experience in Leadership. Professional references needed,Schneiderburgh,0
We are looking for a Software Engineer with experience in Communication. On-site position,North Tammy,0
We are looking for a HR Coordinator with experience in Sales. Full benefits package,North Robert,0
We are looking for a HR Coordinator with experience in Project Management. Competitive salary,Davismouth,0
We are looking for a Software Engineer with experience in Marketing. 2+ years experience,Emilyport,0
We are looking for a Customer Support with experience in Communication. Bachelor's degree required,Anitashire,0
We are looking for a Marketing Manager with experience in Data Visualization. Background check required,West Mary,0
We are looking for a Software Engineer with experience in Sales. 2+ years experience,West Kimberly,0
We are looking for a HR Coordinator with experience in Leadership. On-site position,South Lisa,0
We are looking for a Data Analyst with experience in Excel. 2+ years experience,Port Nicholebury,0
We are looking for a Product Manager with experience in Communication. Competitive salary,Cynthiahaven,0
We are looking for a Sales Representative with experience in Marketing. Bachelor's degree required,Gomezberg,0
We are looking for a Sales Representative with experience in Project Management. Bachelor's degree required,South Jennifer,0
We are looking for a Customer Support with experience in Python. On-site position,Port Timothy,0
We are looking for a Financial Analyst with experience in Project Management. Professional references needed,Lynnstad,0
We are looking for a Product Manager with experience in Data Visualization. Competitive salary,West Sarahport,0
We are looking for a Sales Representative with experience in Communication. Full benefits package,East Michael,0
We are looking for a Sales Representative with experience in Leadership. Competitive salary,Marcustown,0
We are looking for a HR Coordinator with experience in Communication. Competitive salary,North Julie,0
We are looking for a Data Analyst with experience in Python. On-site position,New Hectormouth,0
We are looking for a Product Manager with experience in Communication. On-site position,North Mary,0
We are looking for a Sales Representative with experience in Communication. Background check required,Amandaborough,0
We are looking for a Data Analyst with experience in Python. Competitive salary,Johnhaven,0
We are looking for a Marketing Manager with experience in Leadership. Full benefits package,Sarahbury,0
We are looking for a Product Manager with experience in Marketing. On-site position,Lake Nicholas,0
We are looking for a Sales Representative with experience in Excel. 2+ years experience,Espinozabury,0
We are looking for a HR Coordinator with experience in SQL. Bachelor's degree required,New Laurenshire,0
We are looking for a Marketing Manager with experience in SQL. Bachelor's degree required,Burtonland,0
We are looking for a Graphic Designer with experience in SQL. 2+ years experience,East Daniel,0
We are looking for a Customer Support with experience in Project Management. Bachelor's degree required,Vernonshire,0
We are looking for a Data Analyst with experience in Data Visualization. 2+ years experience,Lake Charles,0
We are looking for a Product Manager with experience in Project Management. Bachelor's degree required,South Jaredfurt,0
We are looking for a Sales Representative with experience in Python. Professional references needed,North Kennethville,0
We are looking for a Software Engineer with experience in Marketing. Full benefits package,Port Stevemouth,0
We are looking for a Sales Representative with experience in Sales. Competitive salary,Port Cameronside,0
We are looking for a Data Analyst with experience in Python. Background check required,North Kristen,0
We are looking for a Financial Analyst with experience in Marketing. On-site position,Tanyamouth,0
We are looking for a Financial Analyst with experience in Sales. 2+ years experience,Port Daniel,0
We are looking for a Product Manager with experience in Python. Bachelor's degree required,North Tracystad,0
We are looking for a Graphic Designer with experience in Leadership. On-site position,Josephview,0
We are looking for a Marketing Manager with experience in Sales. On-site position,Wendyburgh,0
We are looking for a HR Coordinator with experience in Excel. Full benefits package,Lake Brandon,0
We are looking for a Software Engineer with experience in Project Management. Competitive salary,Brittanyshire,0
We are looking for a Financial Analyst with experience in Project Management. Full benefits package,North Susanstad,0
We are looking for a Financial Analyst with experience in SQL. Competitive salary,Port Karenmouth,0
We are looking for a Customer Support with experience in Project Management. On-site position,Michaelmouth,0
We are looking for a Graphic Designer with experience in Data Visualization. Competitive salary,Haasport,0
We are looking for a Marketing Manager with experience in Python. On-site position,West Stevenview,0
We are looking for a Sales Representative with experience in Communication. On-site position,West Robert,0
We are looking for a Marketing Manager with experience in Communication. 2+ years experience,Darrentown,0
We are looking for a Product Manager with experience in SQL. On-site position,New Cheryl,0
We are looking for a Graphic Designer with experience in Data Visualization. 2+ years experience,Port Samanthatown,0
We are looking for a Graphic Designer with experience in Leadership. Background check required,Cunninghamland,0
We are looking for a Customer Support with experience in Excel. Background check required,Cynthiamouth,0
We are looking for a Product Manager with experience in Marketing. Background check required,Taylorside,0
We are looking for a Graphic Designer with experience in Excel. Full benefits package,East Robert,0
We are looking for a Financial Analyst with experience in Marketing. Background check required,South Anthony,0
We are looking for a Marketing Manager with experience in Python. Professional references needed,Russellfort,0
We are looking for a Data Analyst with experience in SQL. 2+ years experience,Williamview,0
We are looking for a Graphic Designer with experience in Excel. Bachelor's degree required,Port Eric,0
We are looking for a Graphic Designer with experience in Data Visualization. Background check required,Fryemouth,0
We are looking for a Data Analyst with experience in Communication. Professional references needed,Loganberg,0
We are looking for a Customer Support with experience in Leadership. Professional references needed,West Thomasstad,0
We are looking for a Data Analyst with experience in Sales. 2+ years experience,Lake Brentchester,0
We are looking for a Product Manager with experience in Excel. Competitive salary,Debrafurt,0
We are looking for a Software Engineer with experience in Data Visualization. Competitive salary,New Heather,0
We are looking for a Marketing Manager with experience in Leadership. Bachelor's degree required,Thomasshire,0
We are looking for a Sales Representative with experience in Excel. Bachelor's degree required,Sandersview,0
We are looking for a Marketing Manager with experience in Marketing. Background check required,New Derek,0
We are looking for a Software Engineer with experience in Excel. 2+ years experience,Natalieland,0
We are looking for a Financial Analyst with experience in Excel. Professional references needed,East Thomasside,0
We are looking for a Customer Support with experience in Communication. Background check required,Lake Veronicafurt,0
We are looking for a Marketing Manager with experience in Sales. Full benefits package,West Jeffrey,0
We are looking for a Financial Analyst with experience in Python. 2+ years experience,Nathanview,0
We are looking for a HR Coordinator with experience in Communication. Bachelor's degree required,Ramireztown,0
We are looking for a Graphic Designer with experience in Python. On-site position,Lake Kenneth,0
We are looking for a HR Coordinator with experience in Sales. Competitive salary,Lake Tammyview,0
We are looking for a Product Manager with experience in Project Management. Full benefits package,Millerchester,0
We are looking for a Marketing Manager with experience in Data Visualization. Bachelor's degree required,South Ruthberg,0
We are looking for a Customer Support with experience in Leadership. Bachelor's degree required,New Rodneystad,0
We are looking for a Software Engineer with experience in Leadership. Bachelor's degree required,Lake Kellyville,0
We are looking for a Sales Representative with experience in Excel. Competitive salary,Jenningschester,0
We are looking for a Marketing Manager with experience in Project Management. Competitive salary,Jonesland,0
We are looking for a Marketing Manager with experience in Leadership. Competitive salary,West Thomas,0
We are looking for a Customer Support with experience in Data Visualization. 2+ years experience,Port Matthewbury,0
We are looking for a Customer Support with experience in Customer Service. Professional references needed,Timothystad,0
We are looking for a Software Engineer with experience in Excel. Background check required,West Richard,0
We are looking for a Software Engineer with experience in Leadership. Bachelor's degree required,Emilyville,0
We are looking for a Graphic Designer with experience in SQL. Background check required,Kathyport,0
We are looking for a Sales Representative with experience in Excel. Professional references needed,Port Beth,0
We are looking for a Sales Representative with experience in Sales. 2+ years experience,West Steve,0
We are looking for a Marketing Manager with experience in SQL. Competitive salary,East Cynthiaberg,0
We are looking for a Data Analyst with experience in Excel. 2+ years experience,South Rachel,0
We are looking for a Software Engineer with experience in Communication. Full benefits package,Vaughnstad,0
We are looking for a Graphic Designer with experience in Sales. Professional references needed,Lake Donnahaven,0
We are looking for a Software Engineer with experience in Customer Service. On-site position,North Kimberly,0
We are looking for a Marketing Manager with experience in Communication. Bachelor's degree required,North Jamesville,0
We are looking for a Customer Support with experience in Project Management. Bachelor's degree required,Lake Tammyberg,0
We are looking for a Financial Analyst with experience in Marketing. Full benefits package,Lake Yvonneville,0
We are looking for a Software Engineer with experience in Excel. Background check required,Johnsonfort,0
We are looking for a HR Coordinator with experience in Data Visualization. 2+ years experience,Turnerfort,0
We are looking for a Sales Representative with experience in Leadership. Competitive salary,East Lori,0
We are looking for a Marketing Manager with experience in Communication. 2+ years experience,North Saraport,0
We are looking for a Software Engineer with experience in Marketing. Background check required,East Petermouth,0
We are looking for a Sales Representative with experience in Leadership. Full benefits package,North Mindy,0
We are looking for a Product Manager with experience in Data Visualization. Professional references needed,Brentchester,0
We are looking for a Sales Representative with experience in Customer Service. On-site position,Hicksmouth,0
We are looking for a Financial Analyst with experience in Data Visualization. On-site position,Carrollmouth,0
We are looking for a Financial Analyst with experience in Marketing. On-site position,Port Markland,0
We are looking for a Software Engineer with experience in Leadership. Background check required,New Heather,0
We are looking for a Sales Representative with experience in Leadership. Background check required,Tammyhaven,0
We are looking for a HR Coordinator with experience in SQL. On-site position,Ortegaview,0
We are looking for a Graphic Designer with experience in Python. On-site position,Port Meganbury,0
We are looking for a Data Analyst with experience in Sales. Background check required,Tinaport,0
We are looking for a Sales Representative with experience in Leadership. Bachelor's degree required,West James,0
We are looking for a Customer Support with experience in Python. On-site position,Rhondaborough,0
We are looking for a Sales Representative with experience in Sales. Competitive salary,Lake Anthony,0
We are looking for a Software Engineer with experience in Communication. Background check required,Autumnside,0
We are looking for a HR Coordinator with experience in Project Management. Bachelor's degree required,Douglasfurt,0
We are looking for a Financial Analyst with experience in Data Visualization. Full benefits package,Dawnside,0
We are looking for a Product Manager with experience in Customer Service. Professional references needed,East Matthew,0
We are looking for a HR Coordinator with experience in Sales. Professional references needed,Stanleystad,0
We are looking for a Financial Analyst with experience in Project Management. Full benefits package,North Kelseytown,0
We are looking for a Marketing Manager with experience in SQL. On-site position,New Davidport,0
We are looking for a Sales Representative with experience in Data Visualization. Professional references needed,Stephaniehaven,0
We are looking for a Financial Analyst with experience in Communication. Background check required,West Laurenmouth,0
We are looking for a Data Analyst with experience in Excel. Full benefits package,New Warrenberg,0
We are looking for a Product Manager with experience in Sales. 2+ years experience,Port Heathershire,0
We are looking for a Marketing Manager with experience in Excel. Background check required,Harrisonbury,0
We are looking for a Customer Support with experience in Sales. On-site position,Mosesmouth,0
We are looking for a Graphic Designer with experience in Customer Service. Background check required,South Robertberg,0
We are looking for a Customer Support with experience in Excel. Background check required,Lake Kevin,0
We are looking for a Product Manager with experience in SQL. Competitive salary,Johnton,0
We are looking for a Marketing Manager with experience in Project Management. Bachelor's degree required,New Mark,0
We are looking for a Marketing Manager with experience in Data Visualization. Competitive salary,East Ann,0
We are looking for a Graphic Designer with experience in SQL. Competitive salary,Stevenhaven,0
We are looking for a Graphic Designer with experience in Data Visualization. On-site position,Fisherfort,0
We are looking for a Sales Representative with experience in Communication. Full benefits package,South Michael,0
We are looking for a Graphic Designer with experience in Marketing. 2+ years experience,Angelastad,0
We are looking for a Graphic Designer with experience in Customer Service. On-site position,Leslieville,0
We are looking for a Customer Support with experience in Communication. Bachelor's degree required,Griffinshire,0
We are looking for a Graphic Designer with experience in Excel. On-site position,West Jenniferview,0
We are looking for a Graphic Designer with experience in Excel. Full benefits package,Rodriguezview,0
We are looking for a Product Manager with experience in Sales. Background check required,Roberthaven,0
We are looking for a Sales Representative with experience in Excel. Background check required,South Justin,0
We are looking for a Financial Analyst with experience in Leadership. 2+ years experience,Chavezborough,0
We are looking for a HR Coordinator with experience in SQL. 2+ years experience,Port Timothyport,0
We are looking for a Product Manager with experience in Data Visualization. Full benefits package,West Tanyabury,0
We are looking for a Software Engineer with experience in Sales. Full benefits package,North Danielshire,0
We are looking for a Software Engineer with experience in Sales. Competitive salary,South Beverly,0
We are looking for a HR Coordinator with experience in Data Visualization. Bachelor's degree required,New Heather,0
We are looking for a Software Engineer with experience in Python. Competitive salary,New Nathanland,0
We are looking for a HR Coordinator with experience in Marketing. Bachelor's degree required,Staffordville,0
We are looking for a Sales Representative with experience in Marketing. Full benefits package,South Timothymouth,0
We are looking for a Financial Analyst with experience in Project Management. Bachelor's degree required,Lake Franciscomouth,0
We are looking for a Product Manager with experience in Data Visualization. Full benefits package,New Karinaside,0
We are looking for a Financial Analyst with experience in Communication. Bachelor's degree required,East Jason,0
We are looking for a Sales Representative with experience in Project Management. Bachelor's degree required,Barberstad,0
We are looking for a Marketing Manager with experience in Customer Service. Bachelor's degree required,North Samanthatown,0
We are looking for a Marketing Manager with experience in Excel. Background check required,North Stevenbury,0
We are looking for a Graphic Designer with experience in Python. Professional references needed,Larabury,0
We are looking for a Sales Representative with experience in Customer Service. 2+ years experience,Chelseafurt,0
We are looking for a Data Analyst with experience in Sales. Full benefits package,Coxmouth,0
We are looking for a Customer Support with experience in Customer Service. Competitive salary,North Grantshire,0
We are looking for a Data Analyst with experience in Marketing. Professional references needed,Rebeccamouth,0
We are looking for a Customer Support with experience in Sales. Full benefits package,Lake Omarbury,0
We are looking for a Software Engineer with experience in Excel. Background check required,Gardnermouth,0
We are looking for a Marketing Manager with experience in Excel. Bachelor's degree required,Port Markburgh,0
We are looking for a Sales Representative with experience in Data Visualization. Background check required,North Patrickland,0
We are looking for a Sales Representative with experience in Leadership. Competitive salary,Kentchester,0
We are looking for a HR Coordinator with experience in SQL. Competitive salary,Lake Carolyn,0
We are looking for a HR Coordinator with experience in Marketing. 2+ years experience,Michellestad,0
We are looking for a Sales Representative with experience in Excel. Background check required,Port Rebeccahaven,0
We are looking for a Software Engineer with experience in Excel. Full benefits package,Alexmouth,0
We are looking for a Graphic Designer with experience in Leadership. Background check required,Williamfort,0
We are looking for a HR Coordinator with experience in Marketing. Competitive salary,Port Lisa,0
We are looking for a Data Analyst with experience in Leadership. Competitive salary,Markfurt,0
We are looking for a HR Coordinator with experience in Python. Competitive salary,North Megan,0
We are looking for a Graphic Designer with experience in Leadership. Full benefits package,Durhamside,0
We are looking for a Product Manager with experience in Leadership. 2+ years experience,Maxwellmouth,0
We are looking for a Software Engineer with experience in Marketing. On-site position,New Joseph,0
We are looking for a Product Manager with experience in Marketing. Background check required,North Ericview,0
We are looking for a Customer Support with experience in Customer Service. Competitive salary,Lake Michaelside,0
We are looking for a Financial Analyst with experience in Project Management. Bachelor's degree required,Smithchester,0
We are looking for a Sales Representative with experience in Project Management. Bachelor's degree required,Bartlettmouth,0
We are looking for a Financial Analyst with experience in Data Visualization. On-site position,Port Nicolemouth,0
We are looking for a Financial Analyst with experience in Python. 2+ years experience,Montgomeryfort,0
We are looking for a Marketing Manager with experience in Data Visualization. Competitive salary,Spencerberg,0
We are looking for a Financial Analyst with experience in Python. Background check required,Port Barry,0
We are looking for a Marketing Manager with experience in Marketing. Competitive salary,Carlosbury,0
We are looking for a Software Engineer with experience in Excel. Competitive salary,Lake Savannah,0
We are looking for a Financial Analyst with experience in Sales. Competitive salary,Andrewfort,0
We are looking for a Data Analyst with experience in SQL. Bachelor's degree required,North Rachaelhaven,0
We are looking for a Software Engineer with experience in Marketing. Professional references needed,West Joannaberg,0
We are looking for a Customer Support with experience in Communication. Competitive salary,West Stevenborough,0
We are looking for a Customer Support with experience in Python. On-site position,Port Robertfort,0
We are looking for a Financial Analyst with experience in Python. 2+ years experience,Jasminemouth,0
We are looking for a Customer Support with experience in Python. Full benefits package,Port Robertberg,0
We are looking for a Financial Analyst with experience in Excel. Bachelor's degree required,West Elizabeth,0
We are looking for a Data Analyst with experience in Data Visualization. Professional references needed,Kingstad,0
We are looking for a Software Engineer with experience in Sales. On-site position,Valdezbury,0
We are looking for a Graphic Designer with experience in Customer Service. Background check required,Clarkburgh,0
We are looking for a Customer Support with experience in Python. Bachelor's degree required,North Christine,0
We are looking for a Software Engineer with experience in Leadership. Competitive salary,North Thomas,0
We are looking for a Sales Representative with experience in Sales. Competitive salary,Hansonville,0
We are looking for a Data Analyst with experience in Sales. On-site position,Port Cameronshire,0
We are looking for a Software Engineer with experience in Communication. Bachelor's degree required,East Geraldchester,0
We are looking for a Financial Analyst with experience in Python. Competitive salary,North Jeremy,0
